{
      "accuracy_LGBMClassifier()": 0.6270753512132823,
      "precision_score_LGBMClassifier()": 0.6485320230727933,
      "recall_score_LGBMClassifier()": 0.6270753512132823,
      "f1_score_LGBMClassifier()": 0.5969814585373429,
      "confusion_matrix_LGBMClassifier()": [
            [
                  523,
                  107,
                  2,
                  21,
                  25,
                  0
            ],
            [
                  106,
                  645,
                  13,
                  14,
                  14,
                  0
            ],
            [
                  37,
                  123,
                  30,
                  3,
                  1,
                  0
            ],
            [
                  100,
                  72,
                  0,
                  132,
                  12,
                  0
            ],
            [
                  64,
                  65,
                  1,
                  12,
                  136,
                  1
            ],
            [
                  30,
                  45,
                  0,
                  1,
                  7,
                  7
            ]
      ]
}