{
      "accuracy_RandomForestClassifier()": 0.5521498510004257,
      "precision_score_RandomForestClassifier()": 0.5661475716610755,
      "recall_score_RandomForestClassifier()": 0.5521498510004257,
      "f1_score_RandomForestClassifier()": 0.486751978774648,
      "confusion_matrix_RandomForestClassifier()": [
            [
                  517,
                  150,
                  0,
                  5,
                  6,
                  0
            ],
            [
                  134,
                  650,
                  2,
                  0,
                  6,
                  0
            ],
            [
                  47,
                  146,
                  1,
                  0,
                  0,
                  0
            ],
            [
                  146,
                  102,
                  0,
                  66,
                  2,
                  0
            ],
            [
                  93,
                  115,
                  0,
                  8,
                  63,
                  0
            ],
            [
                  30,
                  56,
                  0,
                  1,
                  3,
                  0
            ]
      ]
}