{
      "accuracy_SVC(C=0.1, gamma=0.5)": 0.5670498084291188,
      "precision_score_SVC(C=0.1, gamma=0.5)": 0.5531570391753763,
      "recall_score_SVC(C=0.1, gamma=0.5)": 0.5670498084291188,
      "f1_score_SVC(C=0.1, gamma=0.5)": 0.5060405430239008,
      "confusion_matrix_SVC(C=0.1, gamma=0.5)": [
            [
                  527,
                  140,
                  0,
                  2,
                  9,
                  0
            ],
            [
                  136,
                  648,
                  0,
                  2,
                  6,
                  0
            ],
            [
                  51,
                  143,
                  0,
                  0,
                  0,
                  0
            ],
            [
                  159,
                  83,
                  0,
                  70,
                  4,
                  0
            ],
            [
                  98,
                  87,
                  0,
                  7,
                  87,
                  0
            ],
            [
                  32,
                  57,
                  0,
                  0,
                  1,
                  0
            ]
      ]
}